<?xml version="1.0" encoding="UTF-8"?><rss version="2.0"
	xmlns:content="http://purl.org/rss/1.0/modules/content/"
	xmlns:dc="http://purl.org/dc/elements/1.1/"
	xmlns:atom="http://www.w3.org/2005/Atom"
	xmlns:sy="http://purl.org/rss/1.0/modules/syndication/"
	
	>
<channel>
	<title>
	Comments on: Praesent libro se cursus ante	</title>
	<atom:link href="./index.html" rel="self" type="application/rss+xml" />
	<link>./../index.html</link>
	<description></description>
	<lastBuildDate>Sat, 16 Apr 2016 17:32:38 +0000</lastBuildDate>
	<sy:updatePeriod>
	hourly	</sy:updatePeriod>
	<sy:updateFrequency>
	1	</sy:updateFrequency>
	<generator>https://wordpress.org/?v=5.9.1</generator>
	<item>
		<title>
		By: Nicolas Lecocq		</title>
		<link>./../index.html#comment-7</link>

		<dc:creator><![CDATA[Nicolas Lecocq]]></dc:creator>
		<pubDate>Sat, 16 Apr 2016 17:32:38 +0000</pubDate>
		<guid isPermaLink="false">https://oceanwp.org/travel/2016/04/15/litora-torqent-per-conubia-copy/#comment-7</guid>

					<description><![CDATA[Quisque volutpat condimentum velit. Class aptent taciti sociosqu ad litora torquent per conubia nostra, per inceptos himenaeos. Nam nec ante.]]></description>
			<content:encoded><![CDATA[<p>Quisque volutpat condimentum velit. Class aptent taciti sociosqu ad litora torquent per conubia nostra, per inceptos himenaeos. Nam nec ante.</p>
]]></content:encoded>
		
			</item>
		<item>
		<title>
		By: Nicolas Lecocq		</title>
		<link>./../index.html#comment-6</link>

		<dc:creator><![CDATA[Nicolas Lecocq]]></dc:creator>
		<pubDate>Sat, 16 Apr 2016 17:32:24 +0000</pubDate>
		<guid isPermaLink="false">https://oceanwp.org/travel/2016/04/15/litora-torqent-per-conubia-copy/#comment-6</guid>

					<description><![CDATA[In reply to &lt;a href=&quot;./../index.html#comment-5&quot;&gt;Nicolas Lecocq&lt;/a&gt;.

Curabitur sit amet mauris. Morbi in dui quis est pulvinar ullamcorper. Nulla facilisi. Integer lacinia sollicitudin massa. Cras metus.]]></description>
			<content:encoded><![CDATA[<p>In reply to <a href="./../index.html#comment-5">Nicolas Lecocq</a>.</p>
<p>Curabitur sit amet mauris. Morbi in dui quis est pulvinar ullamcorper. Nulla facilisi. Integer lacinia sollicitudin massa. Cras metus.</p>
]]></content:encoded>
		
			</item>
		<item>
		<title>
		By: Nicolas Lecocq		</title>
		<link>./../index.html#comment-5</link>

		<dc:creator><![CDATA[Nicolas Lecocq]]></dc:creator>
		<pubDate>Sat, 16 Apr 2016 17:32:09 +0000</pubDate>
		<guid isPermaLink="false">https://oceanwp.org/travel/2016/04/15/litora-torqent-per-conubia-copy/#comment-5</guid>

					<description><![CDATA[Vivamus consectetuer risus et tortor. Lorem ipsum dolor sit amet, consectetur adipiscing elit. Integer nec odio. Praesent libero. Sed cursus ante dapibus diam. Sed nisi. Nulla quis sem at nibh elementum imperdiet. Duis sagittis ipsum.]]></description>
			<content:encoded><![CDATA[<p>Vivamus consectetuer risus et tortor. Lorem ipsum dolor sit amet, consectetur adipiscing elit. Integer nec odio. Praesent libero. Sed cursus ante dapibus diam. Sed nisi. Nulla quis sem at nibh elementum imperdiet. Duis sagittis ipsum.</p>
]]></content:encoded>
		
			</item>
	</channel>
</rss>
