<?xml version="1.0" encoding="UTF-8"?><rss version="2.0"
	xmlns:content="http://purl.org/rss/1.0/modules/content/"
	xmlns:dc="http://purl.org/dc/elements/1.1/"
	xmlns:atom="http://www.w3.org/2005/Atom"
	xmlns:sy="http://purl.org/rss/1.0/modules/syndication/"
	
	>
<channel>
	<title>
	Comments on: Torquent per conubia nostra	</title>
	<atom:link href="./index.html" rel="self" type="application/rss+xml" />
	<link>./../index.html</link>
	<description></description>
	<lastBuildDate>Sat, 16 Apr 2016 17:33:22 +0000</lastBuildDate>
	<sy:updatePeriod>
	hourly	</sy:updatePeriod>
	<sy:updateFrequency>
	1	</sy:updateFrequency>
	<generator>https://wordpress.org/?v=5.9.1</generator>
	<item>
		<title>
		By: Nicolas Lecocq		</title>
		<link>./../index.html#comment-15</link>

		<dc:creator><![CDATA[Nicolas Lecocq]]></dc:creator>
		<pubDate>Sat, 16 Apr 2016 17:33:22 +0000</pubDate>
		<guid isPermaLink="false">https://oceanwp.org/travel/interdum-magna-augue-eget-copy/#comment-15</guid>

					<description><![CDATA[In reply to &lt;a href=&quot;./../index.html#comment-14&quot;&gt;Nicolas Lecocq&lt;/a&gt;.

Murabitur sit amet mauris. Morbi in dui quis est pulvinar ullamcorper. Nulla facilisi. Integer lacinia sollicitudin massa. Cras metus.]]></description>
			<content:encoded><![CDATA[<p>In reply to <a href="./../index.html#comment-14">Nicolas Lecocq</a>.</p>
<p>Murabitur sit amet mauris. Morbi in dui quis est pulvinar ullamcorper. Nulla facilisi. Integer lacinia sollicitudin massa. Cras metus.</p>
]]></content:encoded>
		
			</item>
		<item>
		<title>
		By: Nicolas Lecocq		</title>
		<link>./../index.html#comment-14</link>

		<dc:creator><![CDATA[Nicolas Lecocq]]></dc:creator>
		<pubDate>Sat, 16 Apr 2016 17:33:05 +0000</pubDate>
		<guid isPermaLink="false">https://oceanwp.org/travel/interdum-magna-augue-eget-copy/#comment-14</guid>

					<description><![CDATA[In reply to &lt;a href=&quot;./../index.html#comment-13&quot;&gt;Nicolas Lecocq&lt;/a&gt;.

Quisque volutpat condimentum velit. Class aptent taciti sociosqu ad litora torquent per conubia nostra, per inceptos himenaeos. Nam nec ante.]]></description>
			<content:encoded><![CDATA[<p>In reply to <a href="./../index.html#comment-13">Nicolas Lecocq</a>.</p>
<p>Quisque volutpat condimentum velit. Class aptent taciti sociosqu ad litora torquent per conubia nostra, per inceptos himenaeos. Nam nec ante.</p>
]]></content:encoded>
		
			</item>
		<item>
		<title>
		By: Nicolas Lecocq		</title>
		<link>./../index.html#comment-13</link>

		<dc:creator><![CDATA[Nicolas Lecocq]]></dc:creator>
		<pubDate>Sat, 16 Apr 2016 17:32:53 +0000</pubDate>
		<guid isPermaLink="false">https://oceanwp.org/travel/interdum-magna-augue-eget-copy/#comment-13</guid>

					<description><![CDATA[Sed lacinia, urna non tincidunt mattis, tortor neque adipiscing diam, a cursus ipsum ante quis turpis. Nulla facilisi. Ut fringilla. Suspendisse potenti. Nunc feugiat mi a tellus consequat imperdiet. Vestibulum sapien. Proin quam. Etiam ultrices.]]></description>
			<content:encoded><![CDATA[<p>Sed lacinia, urna non tincidunt mattis, tortor neque adipiscing diam, a cursus ipsum ante quis turpis. Nulla facilisi. Ut fringilla. Suspendisse potenti. Nunc feugiat mi a tellus consequat imperdiet. Vestibulum sapien. Proin quam. Etiam ultrices.</p>
]]></content:encoded>
		
			</item>
	</channel>
</rss>
