<?xml version="1.0" encoding="UTF-8"?><rss version="2.0"
	xmlns:content="http://purl.org/rss/1.0/modules/content/"
	xmlns:dc="http://purl.org/dc/elements/1.1/"
	xmlns:atom="http://www.w3.org/2005/Atom"
	xmlns:sy="http://purl.org/rss/1.0/modules/syndication/"
	
	>
<channel>
	<title>
	Comments on: Interdum magna augue eget	</title>
	<atom:link href="./index.html" rel="self" type="application/rss+xml" />
	<link>./../index.html</link>
	<description></description>
	<lastBuildDate>Sat, 16 Apr 2016 17:45:52 +0000</lastBuildDate>
	<sy:updatePeriod>
	hourly	</sy:updatePeriod>
	<sy:updateFrequency>
	1	</sy:updateFrequency>
	<generator>https://wordpress.org/?v=5.9.1</generator>
	<item>
		<title>
		By: Nicolas Lecocq		</title>
		<link>./../index.html#comment-11</link>

		<dc:creator><![CDATA[Nicolas Lecocq]]></dc:creator>
		<pubDate>Sat, 16 Apr 2016 17:45:52 +0000</pubDate>
		<guid isPermaLink="false">https://oceanwp.org/travel/metus-vitae-pharetra-auctor-copy/#comment-11</guid>

					<description><![CDATA[In reply to &lt;a href=&quot;./../index.html#comment-9&quot;&gt;Nicolas Lecocq&lt;/a&gt;.

Vestibulum sapien. Proin quam. Etiam ultrices. Suspendisse in justo eu magna luctus suscipit. Sed lectus. Integer euismod lacus luctus magna. Quisque cursus, metus vitae pharetra auctor,]]></description>
			<content:encoded><![CDATA[<p>In reply to <a href="./../index.html#comment-9">Nicolas Lecocq</a>.</p>
<p>Vestibulum sapien. Proin quam. Etiam ultrices. Suspendisse in justo eu magna luctus suscipit. Sed lectus. Integer euismod lacus luctus magna. Quisque cursus, metus vitae pharetra auctor,</p>
]]></content:encoded>
		
			</item>
		<item>
		<title>
		By: Nicolas Lecocq		</title>
		<link>./../index.html#comment-10</link>

		<dc:creator><![CDATA[Nicolas Lecocq]]></dc:creator>
		<pubDate>Sat, 16 Apr 2016 17:45:40 +0000</pubDate>
		<guid isPermaLink="false">https://oceanwp.org/travel/metus-vitae-pharetra-auctor-copy/#comment-10</guid>

					<description><![CDATA[In reply to &lt;a href=&quot;./../index.html#comment-8&quot;&gt;Nicolas Lecocq&lt;/a&gt;.

Morbi lectus risus, iaculis vel, suscipit quis, luctus non, massa. Fusce ac turpis quis ligula lacinia aliquet. Mauris ipsum. Nulla metus metus, ullamcorper vel, tincidunt sed, euismod in, nibh.]]></description>
			<content:encoded><![CDATA[<p>In reply to <a href="./../index.html#comment-8">Nicolas Lecocq</a>.</p>
<p>Morbi lectus risus, iaculis vel, suscipit quis, luctus non, massa. Fusce ac turpis quis ligula lacinia aliquet. Mauris ipsum. Nulla metus metus, ullamcorper vel, tincidunt sed, euismod in, nibh.</p>
]]></content:encoded>
		
			</item>
		<item>
		<title>
		By: Nicolas Lecocq		</title>
		<link>./../index.html#comment-9</link>

		<dc:creator><![CDATA[Nicolas Lecocq]]></dc:creator>
		<pubDate>Sat, 16 Apr 2016 17:43:43 +0000</pubDate>
		<guid isPermaLink="false">https://oceanwp.org/travel/metus-vitae-pharetra-auctor-copy/#comment-9</guid>

					<description><![CDATA[Quisque volutpat condimentum velit. Class aptent taciti sociosqu ad litora torquent per conubia nostra, per inceptos himenaeos. Nam nec ante.]]></description>
			<content:encoded><![CDATA[<p>Quisque volutpat condimentum velit. Class aptent taciti sociosqu ad litora torquent per conubia nostra, per inceptos himenaeos. Nam nec ante.</p>
]]></content:encoded>
		
			</item>
		<item>
		<title>
		By: Nicolas Lecocq		</title>
		<link>./../index.html#comment-8</link>

		<dc:creator><![CDATA[Nicolas Lecocq]]></dc:creator>
		<pubDate>Sat, 16 Apr 2016 17:43:20 +0000</pubDate>
		<guid isPermaLink="false">https://oceanwp.org/travel/metus-vitae-pharetra-auctor-copy/#comment-8</guid>

					<description><![CDATA[Sed lacinia, urna non tincidunt mattis, tortor neque adipiscing diam, a cursus ipsum ante quis turpis. Nulla facilisi. Ut fringilla. Suspendisse potenti. Nunc feugiat mi a tellus consequat imperdiet. Vestibulum sapien. Proin quam. Etiam ultrices.]]></description>
			<content:encoded><![CDATA[<p>Sed lacinia, urna non tincidunt mattis, tortor neque adipiscing diam, a cursus ipsum ante quis turpis. Nulla facilisi. Ut fringilla. Suspendisse potenti. Nunc feugiat mi a tellus consequat imperdiet. Vestibulum sapien. Proin quam. Etiam ultrices.</p>
]]></content:encoded>
		
			</item>
	</channel>
</rss>
